{"cameraMode":{"drawMode":0,"name":"Shaded","section":"Shading Mode"},"sceneLighting":false,"audioPlay":false,"sceneViewState":{"m_AlwaysRefresh":false,"showFog":true,"showSkybox":false,"showFlares":true,"showImageEffects":true,"showParticleSystems":true,"showVisualEffectGraphs":true,"m_FxEnabled":false},"in2DMode":false,"pivot":{"x":-186.1586456298828,"y":-12.0089693069458,"z":-6.878881454467773},"rotation":{"x":0.07972182333469391,"y":0.008966457098722458,"z":-0.0007170658209361136,"w":0.9967780113220215},"size":134.13209533691407,"orthographic":false}